Workbook

Sheet Starlink V4
C2: Date | D2: Details | E2: Units | F2: Per.Unit | G2: Amount | I2: GST
C3: 45473 | D3: 59 Units Purchased V4 | E3: 59 | F3: =G3/E3 -> 518.64407 | G3: 30600 | I3: 3210 | J3: 1 unit Returned | K3: 54.4
C5: 45473 | D5: 42 Units Purchased V4 | E5: 42 | F5: =G5/E5 -> 348.19643 | G5: 14624.25 | I5: 1370
C7: 45477 | D7: 92 Units Purchased V4 | E7: 92 | F7: =G7/E7 -> 359 | G7: =359*92 -> 33028 | I7: =G7/11 -> 3002.5455
C9: 45488 | D9: 54 Units Purchased V4 | E9: 54 | F9: =G9/E9 -> 358.96296 | G9: 19384 | I9: =G9/11 -> 1762.1818
C11: 45491 | D11: 56 Units Purchased V4 | E11: 56 | F11: =G11/E11 -> 357 | G11: 19992 | I11: =G11/11 -> 1817.4545
C13: 45491 | D13: 250 Units Purchased V4 | E13: 250 | F13: =G13/E13 -> 357 | G13: =357*250 -> 89250 | I13: =G13/11 -> 8113.6364
C15: 45495 | D15: 113 Units Purchased V4 | E15: 113 | F15: =G15/E15 -> 357 | G15: 40341 | I15: 0 | J15: Returned | K15: 597
C17: 45497 | D17: 76 Units Purchased V4 | E17: 76 | F17: =G17/E17 -> 357 | G17: 27132 | I17: =G17/11 -> 2466.5455
C19: 45501 | D19: 37 Units Purchased V4 | E19: 37 | F19: =G19/E19 -> 359 | G19: 13283 | I19: 0 | J19: Returned
C21: 45502 | D21: 61 Units Purchased V4 | E21: 61 | F21: =G21/E21 -> 358.90164 | G21: 21893 | I21: =G21/11 -> 1990.2727
C23: 45517 | D23: 400 Units Purchased V4 | E23: 400 | F23: =G23/E23 -> 357 | G23: 142800 | I23: =G23/11 -> 12981.818
C25: 45540 | D25: 40 Units Purchased V4 | E25: 40 | F25: =G25/E25 -> 358 | G25: =358*40 -> 14320 | I25: =G25/11 -> 1301.8182
C27: 45549 | D27: 34 Units Purchased V4 | E27: 34 | F27: =G27/E27 -> 279.47059 | G27: 9502 | I27: =G27/11 -> 863.81818
C29: 45550 | D29: 37 Units Purchased V4 | E29: 37 | F29: =G29/E29 -> 298.18919 | G29: 11033 | I29: =G29/11 -> 1003
C31: 45551 | D31: 34 Units Purchased V4 | E31: 34 | F31: =G31/E31 -> 280.35294 | G31: 9532 | I31: =G31/11 -> 866.54545
C33: 45552 | D33: 14 Units Purchased V4 | E33: 14 | F33: =G33/E33 -> 299.28571 | G33: 4190 | I33: =G33/11 -> 380.90909
C35: 45553 | D35: 62 Units Purchased V4 | E35: 62 | F35: =G35/E35 -> 297.98387 | G35: 18475 | I35: =G35/11 -> 1679.5455
C37: 45554 | D37: 5 Units Purchased V4 | E37: 5 | F37: =G37/E37 -> 298.2 | G37: 1491 | I37: =G37/11 -> 135.54545
C39: 45558 | D39: 15 Units Purchased V4 | E39: 15 | F39: =G39/E39 -> 297.53333 | G39: 4463 | I39: =G39/11 -> 405.72727
C41: 45559 | D41: 19 Units Purchased V4 | E41: 19 | F41: =G41/E41 -> 298.21053 | G41: 5666 | I41: =G41/11 -> 515.09091
C43: 45560 | D43: 12 Units Purchased V4 | E43: 12 | F43: =G43/E43 -> 302.58333 | G43: 3631 | I43: =G43/11 -> 330.09091
C45: 45561 | D45: 6 Units Purchased V4 | E45: 6 | F45: =G45/E45 -> 300.5 | G45: 1803 | I45: =G45/11 -> 163.90909
C47: 45562 | D47: 14 Units Purchased V4 | E47: 14 | F47: =G47/E47 -> 297.85714 | G47: 4170 | I47: =G47/11 -> 379.09091
C49: 45562 | D49: 100 Units Purchased V4 | E49: 100 | F49: =G49/E49 -> 298 | G49: 29800 | I49: =G49/11 -> 2709.0909
... C55: 45565 | D55: 15 Units Purchased V4 | E55: 15 | F55: =G55/E55 -> 298.66667 | G55: 4480 | I55: =G55/11 -> 407.27273
D57: TOTAL | E57: =SUM(E3:E56) -> 1664 | I57: =SUM(I3:I56) -> 48315.273
C60: Date | D60: Details | E60: Units | F60: Per.Unit | G60: Amount | I60: GST
C61: 45566 | D61: Starlink V4 2Units $299 GC Card | E61: 2 | F61: 299 | G61: =E61*F61 -> 598 | I61: =G61/11 -> 54.363636
C62: 45567 | D62: 14 Units Purchased V4 | E62: 14 | F62: =G62/E62 -> 298.14286 | G62: 4174 | I62: =G62/11 -> 379.45455
C63: 45568 | D63: 8 Units Purchased V4 | E63: 8 | F63: =G63/E63 -> 298 | G63: 2384 | I63: =G63/11 -> 216.72727
C64: 45570 | D64: 18 Units Purchased V4 | E64: 18 | F64: =G64/E64 -> 298.88889 | G64: 5380 | I64: =G64/11 -> 489.09091
C65: 45573 | D65: 2 Units Purchased V4 | E65: 2 | F65: =G65/E65 -> 299 | G65: 598 | I65: =G65/11 -> 54.363636
C66: 45575 | D66: 24 Units Purchased V4 | E66: 24 | F66: =G66/E66 -> 299.16292 | G66: 7179.91 | I66: =G66/11 -> 652.71909
C67: 45580 | D67: 55 Units Purchased V4 | E67: 55 | F67: =G67/E67 -> 318 | G67: 17490 | I67: =G67/11 -> 1590
D69: TOTAL | E69: =SUM(E61:E68) -> 123 | I69: =SUM(I61:I68) -> 3436.7191

Sheet Starlink Mini
B3: Date | C3: Details | D3: Units | F3: Amount | H3: GST
B4: 45547 | C4: 42 Units Purchased | D4: 42 | E4: =F4/D4 -> 770.83333 | F4: 32375 | H4: =F4/11 -> 2943.1818
B6: 45548 | C6: 10 Units Purchased | D6: 10 | E6: =F6/D6 -> 799 | F6: 7990 | H6: =F6/11 -> 726.36364
B8: 45551 | C8: 4 Units Purchased | D8: 4 | E8: =F8/D8 -> 781.5 | F8: 3126 | H8: =F8/11 -> 284.18182
B10: 45553 | C10: 64 Units Purchased | D10: 64 | E10: =F10/D10 -> 784.53125 | F10: 50210 | H10: =F10/11 -> 4564.5455
B12: 45554 | C12: 7 Units Purchased | D12: 7 | E12: =F12/D12 -> 790 | F12: 5530 | H12: =F12/11 -> 502.72727
B14: 45556 | C14: 30 Units Purchased | D14: 30 | E14: =F14/D14 -> 799 | F14: 23970 | H14: =F14/11 -> 2179.0909
B16: 45558 | C16: 5 Units Purchased | D16: 5 | E16: =F16/D16 -> 756.2 | F16: 3781 | H16: =F16/11 -> 343.72727
B18: 45559 | C18: 22 Units Purchased | D18: 22 | E18: =F18/D18 -> 757.81818 | F18: 16672 | H18: =F18/11 -> 1515.6364
B20: 45560 | C20: 1 Units Purchased | D20: 1 | E20: =F20/D20 -> 796 | F20: 796 | H20: =F20/11 -> 72.363636
C22: Total | D22: =SUM(D4:D21) -> 185 | H22: =SUM(H4:H21) -> 13131.818
B24: Date | C24: Details | D24: Units | F24: Amount | H24: GST
B25: 45566 | C25: 12 Units Purchased | D25: 12 | E25: 750 | F25: =D25*E25 -> 9000 | H25: =F25/11 -> 818.18182
B26: 45568 | C26: 2 Units Purchased | D26: 2 | E26: =F26/D26 -> 780 | F26: 1560 | H26: =F26/11 -> 141.81818
B27: 45569 | C27: 10 Units Purchased | D27: 10 | E27: =F27/D27 -> 768 | F27: 7680 | H27: =F27/11 -> 698.18182
B28: 45572 | C28: 11 Units Purchased | D28: 11 | E28: =F28/D28 -> 746.81818 | F28: 8215 | H28: =F28/11 -> 746.81818
B29: 45575 | C29: 1 Units Purchased | D29: 1 | E29: =F29/D29 -> 759 | F29: 759 | H29: =F29/11 -> 69
B30: 45576 | C30: 7 Units Purchased | D30: 7 | E30: =F30/D30 -> 755 | F30: 5285 | H30: =F30/11 -> 480.45455
B31: 45577 | C31: 50 Units Purchased | D31: 50 | E31: =F31/D31 -> 750 | F31: 37500 | H31: =F31/11 -> 3409.0909
B32: 45579 | C32: 10 Units Purchased | D32: 10 | E32: =F32/D32 -> 768 | F32: 7680 | H32: =F32/11 -> 698.18182
B33: 45580 | C33: 10 Units Purchased | D33: 10 | E33: =F33/D33 -> 799 | F33: 7990 | H33: =F33/11 -> 726.36364
C35: Total | D35: =SUM(D25:D34) -> 113 | H35: =SUM(H25:H34) -> 7788.0909
F41: Cash | I41: Sell
F42: 20345 | H42: 12 v4 | I42: =12*1190 -> 14280
F43: 15297 | H43: 15 mini | I43: =15*1650 -> 24750
F44: =SUM(F42:F43) -> 35642 | I44: =SUM(I42:I43) -> 39030

Sheet IPHONE
B2: Date | C2: Details | D2: Units | E2: Amount | G2: GST
B3: 45549 | C3: IPHONE 16 ProMax Purchased | D3: 33 | E3: 74639 | G3: =E3/11 -> 6785.3636
B4: 45575 | C4: IPHONE 16 ProMax Purchased | D4: 20 | E4: 44380 | G4: =E4/11 -> 4034.5455
C5: Total | D5: =SUM(D3:D4) -> 53 | G5: =SUM(G3:G4) -> 10819.909

Sheet DJI-Other
C3: Date | D3: Details | E3: Units | F3: Amount | H3: GST
C4: 45565 | D4: DJI Mavic 3Pro 2Unit WB Card $2550 | E4: 2 | F4: 5100 | H4: =F4/11 -> 463.63636
D6: Total | E6: =SUM(E4:E5) -> 2 | H6: =SUM(H4:H5) -> 463.63636
C13: Date | D13: Details | E13: Units | G13: Amount | I13: GST
C14: 45573 | D14: 15Units PS 5 | E14: 15 | F14: =G14/E14 -> 668 | G14: 10020 | I14: =G14/11 -> 910.90909
C15: 45573 | D15: 18 Units JBL Charge.5 | E15: 18 | F15: 312 | G15: =E15*F15 -> 5616 | I15: =G15/11 -> 510.54545
C16: 45573 | D16: 16 Units JBL Essential Flip2 | E16: 16 | F16: 76 | G16: =E16*F16 -> 1216 | I16: =G16/11 -> 110.54545
C17: 45575 | D17: 1 unit Starlink Camera | E17: 1 | F17: =G17/E17 -> 99 | G17: 99 | I17: =G17/11 -> 9
C18: 45567 | D18: Printer | E18: 1 | F18: 290 | G18: 290 | I18: =G18/11 -> 26.363636
D20: Total | E20: =SUM(E14:E19) -> 51 | I20: =SUM(I14:I19) -> 1567.3636

Sheet Total GST
C2: July - Sep
C3: Starlink V4 | D3: ='Starlink V4'!I57 -> 48315.273
C4: Starlink Mini | D4: ='Starlink Mini'!H22 -> 13131.818
C5: IPHONE 16ProMax | D5: =IPHONE!G3 -> 6785.3636
C6: DJI | D6: ='DJI-Other'!H6 -> 463.63636
C7: 1unit Returned | D7: -54
C8: Total | D8: =SUM(D3:D7) -> 68642.091
B10: 45602 | C10: Received WB A/C | D10: -68642.09
C20: Starlink V4 | D20: ='Starlink V4'!I57+'Starlink V4'!I69 -> 51751.992
C21: Starlink Mini | D21: ='Starlink Mini'!H22+'Starlink Mini'!H35 -> 20919.909
C22: IPHONE 16ProMax | D22: =IPHONE!G5 -> 10819.909
C23: DJI | D23: ='DJI-Other'!H6 -> 463.63636
C24: JBL | D24: ='DJI-Other'!I15+'DJI-Other'!I16 -> 621.09091
C25: PS 5 | D25: ='DJI-Other'!I14 -> 910.90909
C26: Starlink Camera | D26: ='DJI-Other'!I17 -> 9
C27: Printer | D27: ='DJI-Other'!I18 -> 26.363636
C29: Total | D29: =SUM(D20:D28) -> 85522.81 | E29: 2.5 | F29: =D29*E29 -> 213807.03

Sheet Australia Oct-Dec
C4: Date | D4: Details | E4: Units | F4: Per.Unit | G4: Amount | I4: GST
B5: ok | C5: 45566 | D5: Starlink V4 2Units $299 GC Card | E5: 2 | F5: 299 | G5: =E5*F5 -> 598 | I5: =G5/11 -> 54.363636
B6: ok | C6: 45567 | D6: 14 Units Purchased V4 | E6: 14 | F6: =G6/E6 -> 298.14286 | G6: 4174 | I6: =G6/11 -> 379.45455
B7: ok | C7: 45568 | D7: 8 Units Purchased V4 | E7: 8 | F7: =G7/E7 -> 298 | G7: 2384 | I7: =G7/11 -> 216.72727
B8: ok | C8: 45570 | D8: 18 Units Purchased V4 | E8: 18 | F8: =G8/E8 -> 298.88889 | G8: 5380 | I8: =G8/11 -> 489.09091
B9: ok | C9: 45573 | D9: 2 Units Purchased V4 | E9: 2 | F9: =G9/E9 -> 299 | G9: 598 | I9: =G9/11 -> 54.363636
B10: ok | C10: 45575 | D10: 24 Units Purchased V4 | E10: 24 | F10: =G10/E10 -> 299.16292 | G10: 7179.91 | I10: =G10/11 -> 652.71909
B11: ok | C11: 45580 | D11: 55 Units Purchased V4 | E11: 55 | F11: =G11/E11 -> 318 | G11: 17490 | I11: =G11/11 -> 1590
B13: ok | C13: 45566 | D13: 12 Units Purchased Mini | E13: 12 | F13: 750 | G13: =E13*F13 -> 9000 | I13: =G13/11 -> 818.18182
B14: ok | C14: 45568 | D14: 2 Units Purchased Mini | E14: 2 | F14: =G14/E14 -> 780 | G14: 1560 | I14: =G14/11 -> 141.81818
B15: ok | C15: 45569 | D15: 10 Units Purchased Mini | E15: 10 | F15: =G15/E15 -> 768 | G15: 7680 | I15: =G15/11 -> 698.18182
B16: ok | C16: 45572 | D16: 11 Units Purchased Mini | E16: 11 | F16: =G16/E16 -> 746.81818 | G16: 8215 | I16: =G16/11 -> 746.81818
B17: ok | C17: 45575 | D17: 1 Units Purchased Mini | E17: 1 | F17: =G17/E17 -> 759 | G17: 759 | I17: =G17/11 -> 69
B18: ok | C18: 45576 | D18: 7 Units Purchased Mini | E18: 7 | F18: =G18/E18 -> 755 | G18: 5285 | I18: =G18/11 -> 480.45455
B19: ok | C19: 45577 | D19: 50 Units Purchased Mini | E19: 50 | F19: =G19/E19 -> 750 | G19: 37500 | I19: =G19/11 -> 3409.0909
B20: ok | C20: 45579 | D20: 10 Units Purchased Mini | E20: 10 | F20: =G20/E20 -> 768 | G20: 7680 | I20: =G20/11 -> 698.18182
B21: ok | C21: 45580 | D21: 10 Units Purchased Mini | E21: 10 | F21: 799 | G21: =E21*F21 -> 7990 | I21: =G21/11 -> 726.36364
B23: ok | C23: 45573 | D23: 15Units PS 5 | E23: 15 | F23: =G23/E23 -> 668 | G23: 10020 | I23: =G23/11 -> 910.90909
B24: ok | C24: 45573 | D24: 18 Units JBL Charge.5 | E24: 18 | F24: 312 | G24: =E24*F24 -> 5616 | I24: =G24/11 -> 510.54545
B25: ok | C25: 45573 | D25: 16 Units JBL Essential Flip2 | E25: 16 | F25: 76 | G25: =E25*F25 -> 1216 | I25: =G25/11 -> 110.54545
B26: ok | C26: 45575 | D26: 1 unit Starlink Camera | E26: 1 | F26: =G26/E26 -> 99 | G26: 99 | I26: =G26/11 -> 9
B27: ok | C27: 45567 | D27: Printer | E27: 1 | F27: 290 | G27: 290 | I27: =G27/11 -> 26.363636
B29: ok | C29: 45575 | D29: IPHONE 16 ProMax Purchased | E29: 20 | F29: =G29/E29 -> 2219 | G29: 44380 | I29: =G29/11 -> 4034.5455
B31: ok | C31: 45584 | D31: Purchase 20 Units Mini $745 | E31: 20 | F31: 745 | G31: =E31*F31 -> 14900 | I31: =G31/11 -> 1354.5455
B32: ok | C32: 45588 | D32: Purchase 8 Units Mini $745 | E32: 8 | F32: 745 | G32: =E32*F32 -> 5960 | I32: =G32/11 -> 541.81818
B34: ok | C34: 45591 | D34: Charge.5 45Units $142 | E34: 45 | F34: 142 | G34: =E34*F34 -> 6390 | I34: =G34/11 -> 580.90909
B35: ok | C35: 45591 | D35: Flip Essential 2 14Units $68 | E35: 14 | F35: 68 | G35: =E35*F35 -> 952 | I35: =G35/11 -> 86.545455
B36: ok | C36: 45591 | D36: PS5 10 Units $669 | E36: 10 | F36: 669 | G36: =E36*F36 -> 6690 | I36: =G36/11 -> 608.18182
B37: ok | C37: 45591 | D37: IP 16ProMax 256GB 1.Unit $2147 | E37: 1 | F37: 2147 | G37: =E37*F37 -> 2147 | I37: =G37/11 -> 195.18182
B38: ok | C38: 45591 | D38: Starlink Mini 30 Units $745 | E38: 30 | F38: 745 | G38: =E38*F38 -> 22350 | I38: =G38/11 -> 2031.8182
B39: ok | C39: 45591 | D39: Charge.5 100 Units $145 | E39: 100 | F39: =G39/E39 -> 0 | G39: 0 | I39: =G39/11 -> 0 | J39: Returned
B40: ok | C40: 45591 | D40: Flip Essential 2 100 Units $68 | E40: 100 | F40: =G40/E40 -> 0 | G40: 0 | I40: =G40/11 -> 0 | J40: Returned
B41: ok | C41: 45591 | D41: PS5 2 Units $675 | E41: 2 | F41: 675 | G41: =E41*F41 -> 1350 | I41: =G41/11 -> 122.72727
B42: ok | C42: 45591 | D42: Charge.5 100 Units $133.3 | E42: 100 | F42: 133.3 | G42: =E42*F42 -> 13330 | I42: =G42/11 -> 1211.8182
B43: ok | C43: 45591 | D43: Charge.5 34 Units $133.3 | E43: 34 | F43: 133.3 | G43: =E43*F43 -> 4532.2 | I43: =G43/11 -> 412.01818
B44: ok | C44: 45591 | D44: Starlink Mini 10 Units $768 | E44: 10 | F44: =G44/E44 -> 0 | G44: 0 | I44: =G44/11 -> 0 | J44: Returned
B45: ok | C45: 45591 | D45: Instax Camera 7units $95 | E45: 7 | F45: 95 | G45: =E45*F45 -> 665 | I45: =G45/11 -> 60.454545
C47: 45593 | D47: Starlink Mini 100 Units $750 | E47: 100 | F47: 0 | G47: =E47*F47 -> 0 | I47: =G47/11 -> 0 | J47: Returned
C48: 45593 | D48: DJI MavicPro 10Units $2500 | E48: =10-8 -> 2 | F48: =G48/E48 -> 2500 | G48: 5000 | I48: =G48/11 -> 454.54545 | J48: 8 Units Returned
C49: 45593 | D49: PS5 2 Units $669 | E49: 2 | F49: 669 | G49: =E49*F49 -> 1338 | I49: =G49/11 -> 121.63636
C51: 45601 | D51: Instax Wide 400 8units $189 | E51: 8 | F51: =G51/E51 -> 189 | G51: 1512 | I51: =G51/11 -> 137.45455
C52: 45601 | D52: Instax Mini 99 10Units $230 | E52: 10 | F52: =G52/E52 -> 230 | G52: 2300 | I52: =G52/11 -> 209.09091
C54: 45605 | D54: Starlink V4 20Units $500 | E54: 20 | F54: =G54/E54 -> 500 | G54: 10000 | I54: =G54/11 -> 909.09091
C56: 45608 | D56: Starlink V4 39Units $549 | E56: 39 | F56: =G56/E56 -> 549 | G56: 21411 | I56: =G56/11 -> 1946.4545
C57: 45609 | D57: Starlink V4 10Units $549 | E57: 10 | F57: =G57/E57 -> 549 | G57: 5490 | I57: =G57/11 -> 499.09091
C59: 45610 | D59: Starlink Mini 120Units $548 | E59: 120 | F59: =G59/E59 -> 548 | G59: 65760 | I59: =G59/11 -> 5978.1818
C60: 45610 | D60: Starlink Mini 6Units $579 | E60: 6 | F60: =G60/E60 -> 579 | G60: 3474 | I60: =G60/11 -> 315.81818
C62: 45611 | D62: JBL Charge 5 50Units $133.30 | E62: 50 | F62: =G62/E62 -> 133.3 | G62: =50*133.3 -> 6665 | I62: =G62/11 -> 605.90909
C63: 45611 | D63: Starlink Mini 10 Units $598 | E63: 10 | F63: =G63/E63 -> 598 | G63: =598*10 -> 5980 | I63: =G63/11 -> 543.63636
C64: 45611 | D64: Starlink V4 7Units $500 | E64: 7 | F64: =G64/E64 -> 500 | G64: =7*500 -> 3500 | I64: =G64/11 -> 318.18182
C65: 45611 | D65: Starlink Mini 4 Units $579 | E65: 4 | F65: =G65/E65 -> 579 | G65: =4*579 -> 2316 | I65: =G65/11 -> 210.54545
C66: 45611 | D66: JBL Xtreme 4 4Units $269 | E66: 4 | F66: =G66/E66 -> 269 | G66: =4*269 -> 1076 | I66: =G66/11 -> 97.818182
C67: 45611 | D67: Charge.5 100 Units $140-10% $126 | E67: 100 | F67: 140 | G67: =E67*F67 -> 14000 | I67: =G67/11 -> 1272.7273
C69: 45612 | D69: Starlink Mini 12Units $598 | E69: 12 | F69: =G69/E69 -> 598 | G69: =12*598 -> 7176 | I69: =G69/11 -> 652.36364
C70: 45612 | D70: JBL Charge 5 30Units $131 | E70: 30 | F70: =G70/E70 -> 131 | G70: =30*131 -> 3930 | I70: =G70/11 -> 357.27273
C71: 45612 | D71: JBL Charge 5 10Units $131 | E71: 10 | F71: =G71/E71 -> 131 | G71: =10*131 -> 1310 | I71: =G71/11 -> 119.09091
C73: 45613 | D73: Starlink Mini 13Units $598 WB | E73: 13 | F73: =G73/E73 -> 598 | G73: =13*598 -> 7774 | I73: =G73/11 -> 706.72727
C74: 45613 | D74: Starlink Mini 14Units $619 WB | E74: 14 | F74: =G74/E74 -> 619 | G74: =14*619 -> 8666 | I74: =G74/11 -> 787.81818
C75: 45613 | D75: Starlink Mini 4Units $618 WB | E75: 4 | F75: =G75/E75 -> 618 | G75: =4*618 -> 2472 | I75: =G75/11 -> 224.72727
C76: 45613 | D76: Starlink Mini 4Units $598 WB | E76: 4 | F76: =G76/E76 -> 598 | G76: =4*598 -> 2392 | I76: =G76/11 -> 217.45455
C77: 45613 | D77: JBL Charge 5 200 Units $120 WB | E77: 200 | F77: =G77/E77 -> 0 | G77: 0 | I77: =G77/11 -> 0 | J77: Returned
C78: 45613 | D78: Xtreme 4 50Units $260 WB | E78: 50 | F78: =G78/E78 -> 0 | G78: 0 | I78: =G78/11 -> 0 | J78: Returned
C79: 45613 | D79: Mavic Pro3 4units $2500 2units | E79: 2 | F79: =G79/E79 -> 2500 | G79: =2*2500 -> 5000 | I79: =G79/11 -> 454.54545 | J79: 2 unit Returned
C80: 45613 | D80: JBL Charge 5 30 Units $126 WB | E80: 30 | F80: =G80/E80 -> 126 | G80: =30*126 -> 3780 | I80: =G80/11 -> 343.63636
C82: 45615 | D82: Starlink mini 10 Units $598 WB | E82: 10 | F82: =G82/E82 -> 598 | G82: =10*598 -> 5980 | I82: =G82/11 -> 543.63636
C83: 45615 | D83: Starlink V4 9 Units $549 WB | E83: 9 | F83: =G83/E83 -> 549 | G83: =9*549 -> 4941 | I83: =G83/11 -> 449.18182
C84: 45616 | D84: Starlink mini 10 Units $598 WB | E84: 10 | F84: =G84/E84 -> 598 | G84: =10*598 -> 5980 | I84: =G84/11 -> 543.63636
C85: 45616 | D85: Starlink V4 14 Units $549 WB | E85: 14 | F85: =G85/E85 -> 549 | G85: =14*549 -> 7686 | I85: =G85/11 -> 698.72727
C87: 45617 | D87: Starlink mini 4 Units $598 WB | E87: 4 | F87: =G87/E87 -> 598 | G87: =598*4 -> 2392 | I87: =G87/11 -> 217.45455
C88: 45617 | D88: Starlink V4 6 Units $549 WB | E88: 6 | F88: =G88/E88 -> 549 | G88: =549*6 -> 3294 | I88: =G88/11 -> 299.45455
C89: 45617 | D89: Starlink mini 1 Units $599 WB | E89: 1 | F89: =G89/E89 -> 599 | G89: =599*1 -> 599 | I89: =G89/11 -> 54.454545
C90: 45617 | D90: Starlink mini 1 Units $599 WB | E90: 1 | F90: =G90/E90 -> 599 | G90: =599*1 -> 599 | I90: =G90/11 -> 54.454545
C91: 45617 | D91: JBL Extreme 3 2units $180 WB | E91: 2 | F91: =G91/E91 -> 180 | G91: =180*2 -> 360 | I91: =G91/11 -> 32.727273
C93: 45618 | D93: Starlink Mini 5 units $599 | E93: 5 | F93: =G93/E93 -> 599 | G93: =599*5 -> 2995 | I93: =G93/11 -> 272.27273
C94: 45618 | D94: Starlink V4 3 units $500 | E94: 3 | F94: =G94/E94 -> 500 | G94: =3*500 -> 1500 | I94: =G94/11 -> 136.36364
C95: 45619 | D95: Starlink V4 2 units $549 | E95: 2 | F95: =G95/E95 -> 549 | G95: =549*2 -> 1098 | I95: =G95/11 -> 99.818182
C97: 45626 | D97: Starlink V4 6Units $549 WB Card | E97: 6 | F97: =G97/E97 -> 549 | G97: =6*549 -> 3294 | I97: =G97/11 -> 299.45455
C99: 45627 | D99: Starlink V4 13Units $549 WB Card | E99: 13 | F99: =G99/E99 -> 549 | G99: =549*13 -> 7137 | I99: =G99/11 -> 648.81818
C100: 45627 | D100: Starlink V4 2Units $520 ARB Card | E100: 2 | F100: =G100/E100 -> 520 | G100: =520*2 -> 1040 | I100: =G100/11 -> 94.545455
C102: 45631 | D102: Starlink V4 4Units $513 WB Card | E102: 4 | F102: =G102/E102 -> 513 | G102: =513*4 -> 2052 | I102: =G102/11 -> 186.54545
C103: 45631 | D103: Starlink V4 4Units $486 WB Card | E103: 4 | F103: =G103/E103 -> 486 | G103: =486*4 -> 1944 | I103: =G103/11 -> 176.72727
C104: 45631 | D104: Starlink V4 4Units $513 ARB Card | E104: 4 | F104: =G104/E104 -> 513 | G104: =513*4 -> 2052 | I104: =G104/11 -> 186.54545
C105: 45631 | D105: Starlink V4 6Units $513 WB Card | E105: 6 | F105: =G105/E105 -> 513 | G105: =513*6 -> 3078 | I105: =G105/11 -> 279.81818
A107: 8 Units Refund 39 Collect 21/12/2024 | C107: 45631 | D107: JBL Charge5 47Units $133.30 WB | E107: 39 | F107: =G107/E107 -> 133.3 | G107: =133.3*39 -> 5198.7 | I107: =G107/11 -> 472.60909 | J107: 8 Returned
C109: 45632 | D109: Starlink V4 5Units $549 WB Card | E109: 5 | F109: =G109/E109 -> 549 | G109: =5*549 -> 2745 | I109: =G109/11 -> 249.54545
C110: 45632 | D110: JBL Essential.2 25units $69.20 WB Card | E110: 25 | F110: =G110/E110 -> 69.2 | G110: =69.2*25 -> 1730 | I110: =G110/11 -> 157.27273
A112: Call 19/12/2024 | C112: 45632 | D112: Starlink V4 51Units $569 WB Card | E112: 51 | F112: 569 | G112: =E112*F112 -> 29019 | I112: =G112/11 -> 2638.0909
A114: MSG 19/12/2024 | C114: 45633 | D114: PS5 1Unit JBHifi $580 WB Card | E114: 1 | F114: 580 | G114: =E114*F114 -> 580 | I114: =G114/11 -> 52.727273
C115: 45633 | D115: Starlink V4 1Units $470 WB Card | E115: 1 | F115: 470 | G115: =E115*F115 -> 470 | I115: =G115/11 -> 42.727273
C116: 45633 | D116: Starlink V4 4Units $485 WB Card | E116: 4 | F116: 485 | G116: =E116*F116 -> 1940 | I116: =G116/11 -> 176.36364
C117: 45633 | D117: Starlink V4 15Units $569 WB Card | E117: 15 | F117: 569 | G117: =E117*F117 -> 8535 | I117: =G117/11 -> 775.90909
A119: Call 19/12/2024 | C119: 45634 | D119: Starlink V4 38Units $569 WB Card | E119: 38 | F119: 569 | G119: =E119*F119 -> 21622 | I119: =G119/11 -> 1965.6364
C120: 45634 | D120: Starlink Mini 11Units $619 WB Card | E120: 11 | F120: 619 | G120: =E120*F120 -> 6809 | I120: =G120/11 -> 619
A122: Call 19/12/2024 | C122: 45640 | D122: Starlink V4 17Units $569 WB Card | E122: 17 | F122: 569 | G122: =E122*F122 -> 9673 | I122: =G122/11 -> 879.36364
C124: 45642 | D124: Starlink V4 4Units $490 ARB Card | E124: 4 | F124: 490 | G124: =E124*F124 -> 1960 | I124: =G124/11 -> 178.18182
C125: 45644 | D125: JBL Charge 5 60Units $132 WB Card | E125: 60 | F125: 132 | G125: =E125*F125 -> 7920 | I125: =G125/11 -> 720
C127: 45648 | D127: JBL Charge5 43Units $132 WB Card | E127: 43 | F127: 132 | G127: =E127*F127 -> 5676 | I127: =G127/11 -> 516
C129: 45650 | D129: Starlink V4 2Units $549 ARB Card | E129: 2 | F129: 549 | G129: =E129*F129 -> 1098 | I129: =G129/11 -> 99.818182
C131: 45652 | D131: Mac Book Pro 2Units $2968-10% WB Card | E131: 2 | F131: 2968 | G131: =E131*F131 -> 5936 | I131: =G131/11 -> 539.63636
C132: 45652 | D132: Starlink Mini 1 Unit $599-10% WB Card | E132: 1 | F132: 599 | G132: =E132*F132 -> 599 | I132: =G132/11 -> 54.454545
...

Sheet NewZealand Oct-Dec
C4: Date | D4: Details | E4: Units | F4: Per.Unit | G4: Amount | I4: GST
C6: 45621 | D6: Starlink Mini 3Units $649 | E6: 3 | F6: =G6/E6 -> 649 | G6: =3*649 -> 1947 | I6: =G6*13.04/100 -> 253.8888
C7: 45621 | D7: Charge.5 2Units $145 | E7: 2 | F7: =G7/E7 -> 145 | G7: =145*2 -> 290 | I7: =G7*13.04/100 -> 37.816
C8: 45621 | D8: PS5 2Units $692 | E8: 2 | F8: =G8/E8 -> 692 | G8: =692*2 -> 1384 | I8: =G8*13.04/100 -> 180.4736
C9: 45621 | D9: PS5 10Units $692 | E9: 10 | F9: =G9/E9 -> 692 | G9: =10*692 -> 6920 | I9: =G9*13.04/100 -> 902.368
C10: 45621 | D10: PS5 2Units $692 | E10: 2 | F10: =G10/E10 -> 692 | G10: =2*692 -> 1384 | I10: =G10*13.04/100 -> 180.4736
C11: 45621 | D11: Starlink Mini 1Unit $649 | E11: 1 | F11: =G11/E11 -> 649 | G11: =1*649 -> 649 | I11: =G11*13.04/100 -> 84.6296
C12: 45621 | D12: Starlink Mini 10Unit $649 | E12: 10 | F12: =G12/E12 -> 649 | G12: =10*649 -> 6490 | I12: =G12*13.04/100 -> 846.296
C13: 45621 | D13: Starlink V4 5Units $529 | E13: 5 | F13: =G13/E13 -> 529 | G13: =5*529 -> 2645 | I13: =G13*13.04/100 -> 344.908
C14: 45621 | D14: Starlink Mini 5Unit $644 | E14: 5 | F14: =G14/E14 -> 644 | G14: =5*644 -> 3220 | I14: =G14*13.04/100 -> 419.888
C15: 45621 | D15: Starlink V4 6Units $598 | E15: 6 | F15: =G15/E15 -> 598 | G15: =598*6 -> 3588 | I15: =G15*13.04/100 -> 467.8752
C17: 45622 | D17: Starlink V4 10units $598 WB Card | E17: 10 | F17: =G17/E17 -> 598 | G17: =598*10 -> 5980 | I17: =G17*13.04/100 -> 779.792
C18: 45622 | D18: Starlink Mini 1unit $649 WB Card | E18: 1 | F18: =G18/E18 -> 649 | G18: =649*1 -> 649 | I18: =G18*13.04/100 -> 84.6296
C19: 45622 | D19: Starlink Mini 4unit $649 WB Card | E19: 4 | F19: =G19/E19 -> 649 | G19: =649*4 -> 2596 | I19: =G19*13.04/100 -> 338.5184
C20: 45622 | D20: JBL Charge.5 25Units $128 WB Card | E20: 25 | F20: =G20/E20 -> 128 | G20: =128*25 -> 3200 | I20: =G20*13.04/100 -> 417.28
C21: 45622 | D21: Starlink Mini 2unit $649 WB Card | E21: 2 | F21: =G21/E21 -> 649 | G21: =649*2 -> 1298 | I21: =G21*13.04/100 -> 169.2592
C23: 45622 | D23: Starlink Mini 1unit $649 WB Card | E23: 1 | F23: =G23/E23 -> 649 | G23: =1*649 -> 649 | I23: =G23*13.04/100 -> 84.6296
C24: 45622 | D24: Starlink V4 50units $598 WB Card | E24: 50 | F24: =G24/E24 -> 598 | G24: =50*598 -> 29900 | I24: =G24*13.04/100 -> 3898.96
C26: 45623 | D26: Starlink Mini 46Units $644 WB Card | E26: 46 | F26: =G26/E26 -> 644 | G26: =46*644 -> 29624 | I26: =G26*13.04/100 -> 3862.9696
C27: 45623 | D27: Starlink V4 10Units $530 WB Card | E27: 10 | F27: =G27/E27 -> 530 | G27: =10*530 -> 5300 | I27: =G27*13.04/100 -> 691.12
C28: 45623 | D28: Starlink Mini 5Units $649 WB Card | E28: 5 | F28: =G28/E28 -> 649 | G28: =5*649 -> 3245 | I28: =G28*13.04/100 -> 423.148
C29: 45623 | D29: Starlink Mini 4Units $649 WB Card | E29: 4 | F29: =G29/E29 -> 649 | G29: =4*649 -> 2596 | I29: =G29*13.04/100 -> 338.5184
C30: 45623 | D30: Starlink V4 2Units $529 WB Card | E30: 2 | F30: =G30/E30 -> 529 | G30: =2*529 -> 1058 | I30: =G30*13.04/100 -> 137.9632
C31: 45623 | D31: Starlink Mini 3Units $649 WB Card | E31: 3 | F31: =G31/E31 -> 649 | G31: =3*649 -> 1947 | I31: =G31*13.04/100 -> 253.8888
C33: 45624 | D33: Starlink Mini 1Unit $649 WB Card | E33: 1 | F33: =G33/E33 -> 649 | G33: =1*649 -> 649 | I33: =G33*13.04/100 -> 84.6296
C34: 45624 | D34: Starlink Mini 2Unit $649 WB Card | E34: 2 | F34: =G34/E34 -> 649 | G34: =2*649 -> 1298 | I34: =G34*13.04/100 -> 169.2592
C35: 45624 | D35: Starlink Mini 10Unit $649 WB Card | E35: 10 | F35: =G35/E35 -> 649 | G35: =10*649 -> 6490 | I35: =G35*13.04/100 -> 846.296
C36: 45624 | D36: Starlink V4 23Units $530 WB Card | E36: 23 | F36: =G36/E36 -> 530 | G36: =530*23 -> 12190 | I36: =G36*13.04/100 -> 1589.576
C37: 45624 | D37: Starlink Mini 20Unit $649 WB Card | E37: 20 | F37: =G37/E37 -> 649 | G37: =649*20 -> 12980 | I37: =G37*13.04/100 -> 1692.592
C39: 45625 | D39: Starlink V4 22Units $530 WB Card | E39: 22 | F39: =G39/E39 -> 530 | G39: =22*530 -> 11660 | I39: =G39*13.04/100 -> 1520.464
C40: 45625 | D40: Starlink Mini 100Unit $649 WB Card | E40: 100 | F40: =G40/E40 -> 649 | G40: =649*100 -> 64900 | I40: =G40*13.04/100 -> 8462.96
C42: 45635 | D42: Starlink Mini 8Units $649 WB Card | E42: 8 | F42: =G42/E42 -> 649 | G42: =649*8 -> 5192 | I42: =G42*13.04/100 -> 677.0368
C43: 45635 | D43: PS5 1unit $695 WB Card | E43: 1 | F43: =G43/E43 -> 695 | G43: =695*1 -> 695 | I43: =G43*13.04/100 -> 90.628
C44: 45635 | D44: Starlink V4 1Unit $599 WB Card | E44: 1 | F44: =G44/E44 -> 599 | G44: =599*1 -> 599 | I44: =G44*13.04/100 -> 78.1096
C45: 45635 | D45: PS5 50unit $695 WB Card | E45: 50 | F45: =G45/E45 -> 0 | G45: 0 | I45: =G45*13.04/100 -> 0 | J45: Returned
C47: 45636 | D47: Starlink V4 1Unit $599 WB Card | E47: 1 | F47: =G47/E47 -> 599 | G47: =599*1 -> 599 | I47: =G47*13.04/100 -> 78.1096
C48: 45636 | D48: Starlink V4 2Unit $550 WB Card | E48: 2 | F48: =G48/E48 -> 550 | G48: =2*550 -> 1100 | I48: =G48*13.04/100 -> 143.44
C49: 45636 | D49: Starlink Mini 10Units $649 WB Card | E49: 10 | F49: =G49/E49 -> 649 | G49: =649*10 -> 6490 | I49: =G49*13.04/100 -> 846.296
C50: 45636 | D50: Starlink Mini 36Units $620 WB Card | E50: 36 | F50: =G50/E50 -> 620 | G50: =36*620 -> 22320 | I50: =G50*13.04/100 -> 2910.528
C52: 45637 | D52: Starlink Mini 35Units $620 WB Card | E52: 35 | F52: =G52/E52 -> 620 | G52: =35*620 -> 21700 | I52: =G52*13.04/100 -> 2829.68
C53: 45637 | D53: Starlink Mini 32Units $620 WB Card | E53: 32 | F53: =G53/E53 -> 620 | G53: =620*32 -> 19840 | I53: =G53*13.04/100 -> 2587.136
C54: 45637 | D54: Starlink Mini 35Units $620 WB Card | E54: 35 | F54: =G54/E54 -> 620 | G54: =620*35 -> 21700 | I54: =G54*13.04/100 -> 2829.68
C55: 45637 | D55: Starlink Mini 33Units $620 WB Card | E55: 33 | F55: =G55/E55 -> 620 | G55: =33*620 -> 20460 | I55: =G55*13.04/100 -> 2667.984
C57: 45638 | D57: Starlink Mini 08Units $620 WB Card | E57: 8 | F57: =G57/E57 -> 620 | G57: =8*620 -> 4960 | I57: =G57*13.04/100 -> 646.784
C58: 45638 | D58: Starlink Mini 200Units $649 WB Card | E58: 200 | F58: =G58/E58 -> 649 | G58: =200*649 -> 129800 | I58: =G58*13.04/100 -> 16925.92
C59: 45638 | D59: Starlink Mini 100Units $649 WB Card | E59: 100 | F59: =G59/E59 -> 649 | G59: =100*649 -> 64900 | I59: =G59*13.04/100 -> 8462.96
C60: 45638 | D60: PS5 35Units $695 WB Card | E60: 35 | F60: =G60/E60 -> 695 | G60: =35*695 -> 24325 | I60: =G60*13.04/100 -> 3171.98
C61: 45638 | D61: Starlink Mini 45Units $620 WB Card | E61: 45 | F61: =G61/E61 -> 620 | G61: =45*620 -> 27900 | I61: =G61*13.04/100 -> 3638.16
C63: 45639 | D63: Starlink V4 14Units $530 WB Card | E63: 14 | F63: =G63/E63 -> 530 | G63: =14*530 -> 7420 | I63: =G63*13.04/100 -> 967.568
C64: 45639 | D64: Starlink Mini 8Units $649 WB Card | E64: 8 | F64: =G64/E64 -> 649 | G64: =8*649 -> 5192 | I64: =G64*13.04/100 -> 677.0368
D70: TOTAL GST | I70: =SUM(I5:I69) -> 79794.107

Sheet Sheet1
